"pokemon","name","type1","type2","hp","attack","defense","sp_atk","sp_def","speed","alt_form"
1,"bulbasaur","grass","poison",45,49,49,65,65,45,NA
2,"ivysaur","grass","poison",60,62,63,80,80,60,NA
3,"venusaur","grass","poison",80,82,83,100,100,80,NA
4,"charmander","fire",NA,39,52,43,60,50,65,NA
5,"charmeleon","fire",NA,58,64,58,80,65,80,NA
6,"charizard","fire","flying",78,84,78,109,85,100,NA
7,"squirtle","water",NA,44,48,65,50,64,43,NA
8,"wartortle","water",NA,59,63,80,65,80,58,NA
9,"blastoise","water",NA,79,83,100,85,105,78,NA
10,"caterpie","bug",NA,45,30,35,20,20,45,NA
11,"metapod","bug",NA,50,20,55,25,25,30,NA
12,"butterfree","bug","flying",60,45,50,90,80,70,NA
13,"weedle","bug","poison",40,35,30,20,20,50,NA
14,"kakuna","bug","poison",45,25,50,25,25,35,NA
15,"beedrill","bug","poison",65,90,40,45,80,75,NA
16,"pidgey","normal","flying",40,45,40,35,35,56,NA
17,"pidgeotto","normal","flying",63,60,55,50,50,71,NA
18,"pidgeot","normal","flying",83,80,75,70,70,101,NA
19,"rattata","normal",NA,30,56,35,25,35,72,NA
20,"raticate","normal",NA,55,81,60,50,70,97,NA
21,"spearow","normal","flying",40,60,30,31,31,70,NA
22,"fearow","normal","flying",65,90,65,61,61,100,NA
23,"ekans","poison",NA,35,60,44,40,54,55,NA
24,"arbok","poison",NA,60,95,69,65,79,80,NA
25,"pikachu","electric",NA,35,55,40,50,50,90,NA
26,"raichu","electric",NA,60,90,55,90,80,110,NA
27,"sandshrew","ground",NA,50,75,85,20,30,40,NA
28,"sandslash","ground",NA,75,100,110,45,55,65,NA
29,"nidoran♀","poison",NA,55,47,52,40,40,41,NA
30,"nidorina","poison",NA,70,62,67,55,55,56,NA
31,"nidoqueen","poison","ground",90,92,87,75,85,76,NA
32,"nidoran♂","poison",NA,46,57,40,40,40,50,NA
33,"nidorino","poison",NA,61,72,57,55,55,65,NA
34,"nidoking","poison","ground",81,102,77,85,75,85,NA
35,"clefairy","fairy",NA,70,45,48,60,65,35,NA
36,"clefable","fairy",NA,95,70,73,95,90,60,NA
37,"vulpix","fire",NA,38,41,40,50,65,65,NA
38,"ninetales","fire",NA,73,76,75,81,100,100,NA
38,"aloan ninetails","ice","fairy",73,67,75,81,100,109,"alolan"
39,"jigglypuff","normal","fairy",115,45,20,45,25,20,NA
40,"wigglytuff","normal","fairy",140,70,45,85,50,45,NA
41,"zubat","poison","flying",40,45,35,30,40,55,NA
42,"golbat","poison","flying",75,80,70,65,75,90,NA
43,"oddish","grass","poison",45,50,55,75,65,30,NA
44,"gloom","grass","poison",60,65,70,85,75,40,NA
45,"vileplume","grass","poison",75,80,85,110,90,50,NA
46,"paras","bug","grass",35,70,55,45,55,25,NA
47,"parasect","bug","grass",60,95,80,60,80,30,NA
48,"venonat","bug","poison",60,55,50,40,55,45,NA
49,"venomoth","bug","poison",70,65,60,90,75,90,NA
50,"diglett","ground",NA,10,55,25,35,45,95,NA
51,"dugtrio","ground",NA,35,100,50,50,70,120,NA
52,"meowth","normal",NA,40,45,35,40,40,90,NA
53,"persian","normal",NA,65,70,60,65,65,115,NA
54,"psyduck","water",NA,50,52,48,65,50,55,NA
55,"golduck","water",NA,80,82,78,95,80,85,NA
56,"mankey","fighting",NA,40,80,35,35,45,70,NA
57,"primeape","fighting",NA,65,105,60,60,70,95,NA
58,"growlithe","fire",NA,55,70,45,70,50,60,NA
59,"arcanine","fire",NA,90,110,80,100,80,95,NA
59,"hisuian arcanine","fire","rock",95,115,80,95,80,90,"hisuian"
60,"poliwag","water",NA,40,50,40,40,40,90,NA
61,"poliwhirl","water",NA,65,65,65,50,50,90,NA
62,"poliwrath","water","fighting",90,95,95,70,90,70,NA
63,"abra","psychic",NA,25,20,15,105,55,90,NA
64,"kadabra","psychic",NA,40,35,30,120,70,105,NA
65,"alakazam","psychic",NA,55,50,45,135,95,120,NA
66,"machop","fighting",NA,70,80,50,35,35,35,NA
67,"machoke","fighting",NA,80,100,70,50,60,45,NA
68,"machamp","fighting",NA,90,130,80,65,85,55,NA
69,"bellsprout","grass","poison",50,75,35,70,30,40,NA
70,"weepinbell","grass","poison",65,90,50,85,45,55,NA
71,"victreebel","grass","poison",80,105,65,100,70,70,NA
72,"tentacool","water","poison",40,40,35,50,100,70,NA
73,"tentacruel","water","poison",80,70,65,80,120,100,NA
74,"geodude","rock","ground",40,80,100,30,30,20,NA
75,"graveler","rock","ground",55,95,115,45,45,35,NA
76,"golem","rock","ground",80,120,130,55,65,45,NA
77,"ponyta","fire",NA,50,85,55,65,65,90,NA
78,"rapidash","fire",NA,65,100,70,80,80,105,NA
79,"slowpoke","water","psychic",90,65,65,40,40,15,NA
80,"slowbro","water","psychic",95,75,110,100,80,30,NA
81,"magnemite","electric","steel",25,35,70,95,55,45,NA
82,"magneton","electric","steel",50,60,95,120,70,70,NA
83,"farfetch'd","normal","flying",52,90,55,58,62,60,NA
84,"doduo","normal","flying",35,85,45,35,35,75,NA
85,"dodrio","normal","flying",60,110,70,60,60,110,NA
86,"seel","water",NA,65,45,55,45,70,45,NA
87,"dewgong","water","ice",90,70,80,70,95,70,NA
88,"grimer","poison",NA,80,80,50,40,50,25,NA
89,"muk","poison",NA,105,105,75,65,100,50,NA
90,"shellder","water",NA,30,65,100,45,25,40,NA
91,"cloyster","water","ice",50,95,180,85,45,70,NA
92,"gastly","ghost","poison",30,35,30,100,35,80,NA
93,"haunter","ghost","poison",45,50,45,115,55,95,NA
94,"gengar","ghost","poison",60,65,60,130,75,110,NA
95,"onix","rock","ground",35,45,160,30,45,70,NA
96,"drowzee","psychic",NA,60,48,45,43,90,42,NA
97,"hypno","psychic",NA,85,73,70,73,115,67,NA
98,"krabby","water",NA,30,105,90,25,25,50,NA
99,"kingler","water",NA,55,130,115,50,50,75,NA
100,"voltorb","electric",NA,40,30,50,55,55,100,NA
101,"electrode","electric",NA,60,50,70,80,80,150,NA
102,"exeggcute","grass","psychic",60,40,80,60,45,40,NA
103,"exeggutor","grass","psychic",95,95,85,125,75,55,NA
104,"cubone","ground",NA,50,50,95,40,50,35,NA
105,"marowak","ground",NA,60,80,110,50,80,45,NA
106,"hitmonlee","fighting",NA,50,120,53,35,110,87,NA
107,"hitmonchan","fighting",NA,50,105,79,35,110,76,NA
108,"lickitung","normal",NA,90,55,75,60,75,30,NA
109,"koffing","poison",NA,40,65,95,60,45,35,NA
110,"weezing","poison",NA,65,90,120,85,70,60,NA
110,"galarian weezing","poison","fairy",65,90,120,85,70,60,"galarian"
111,"rhyhorn","ground","rock",80,85,95,30,30,25,NA
112,"rhydon","ground","rock",105,130,120,45,45,40,NA
113,"chansey","normal",NA,250,5,5,35,105,50,NA
114,"tangela","grass",NA,65,55,115,100,40,60,NA
115,"kangaskhan","normal",NA,105,95,80,40,80,90,NA
116,"horsea","water",NA,30,40,70,70,25,60,NA
117,"seadra","water",NA,55,65,95,95,45,85,NA
118,"goldeen","water",NA,45,67,60,35,50,63,NA
119,"seaking","water",NA,80,92,65,65,80,68,NA
120,"staryu","water",NA,30,45,55,70,55,85,NA
121,"starmie","water","psychic",60,75,85,100,85,115,NA
122,"mr. mime","psychic","fairy",40,45,65,100,120,90,NA
123,"scyther","bug","flying",70,110,80,55,80,105,NA
124,"jynx","ice","psychic",65,50,35,115,95,95,NA
125,"electabuzz","electric",NA,65,83,57,95,85,105,NA
126,"magmar","fire",NA,65,95,57,100,85,93,NA
127,"pinsir","bug",NA,65,125,100,55,70,85,NA
128,"tauros","normal",NA,75,100,95,40,70,110,NA
129,"magikarp","water",NA,20,10,55,15,20,80,NA
130,"gyarados","water","flying",95,125,79,60,100,81,NA
131,"lapras","water","ice",130,85,80,85,95,60,NA
132,"ditto","normal",NA,48,48,48,48,48,48,NA
133,"eevee","normal",NA,55,55,50,45,65,55,NA
134,"vaporeon","water",NA,130,65,60,110,95,65,NA
135,"jolteon","electric",NA,65,65,60,110,95,130,NA
136,"flareon","fire",NA,65,130,60,95,110,65,NA
137,"porygon","normal",NA,65,60,70,85,75,40,NA
138,"omanyte","rock","water",35,40,100,90,55,35,NA
139,"omastar","rock","water",70,60,125,115,70,55,NA
140,"kabuto","rock","water",30,80,90,55,45,55,NA
141,"kabutops","rock","water",60,115,105,65,70,80,NA
142,"aerodactyl","rock","flying",80,105,65,60,75,130,NA
143,"snorlax","normal",NA,160,110,65,65,110,30,NA
144,"articuno","ice","flying",90,85,100,95,125,85,NA
145,"zapdos","electric","flying",90,90,85,125,90,100,NA
146,"moltres","fire","flying",90,100,90,125,85,90,NA
147,"dratini","dragon",NA,41,64,45,50,50,50,NA
148,"dragonair","dragon",NA,61,84,65,70,70,70,NA
149,"dragonite","dragon","flying",91,134,95,100,100,80,NA
150,"mewtwo","psychic",NA,106,110,90,154,90,130,NA
151,"mew","psychic",NA,100,100,100,100,100,100,NA
152,"chikorita","grass",NA,45,49,65,49,65,45,NA
153,"bayleef","grass",NA,60,62,80,63,80,60,NA
154,"meganium","grass",NA,80,82,100,83,100,80,NA
155,"cyndaquil","fire",NA,39,52,43,60,50,65,NA
156,"quilava","fire",NA,58,64,58,80,65,80,NA
157,"typhlosion","fire",NA,78,84,78,109,85,100,NA
157,"hisuian typhlosion","fire","ghost",73,84,78,119,85,95,"hisuian"
158,"totodile","water",NA,50,65,64,44,48,43,NA
159,"croconaw","water",NA,65,80,80,59,63,58,NA
160,"feraligatr","water",NA,85,105,100,79,83,78,NA
161,"sentret","normal",NA,35,46,34,35,45,20,NA
162,"furret","normal",NA,85,76,64,45,55,90,NA
163,"hoothoot","normal","flying",60,30,30,36,56,50,NA
164,"noctowl","normal","flying",100,50,50,86,96,70,NA
165,"ledyba","bug","flying",40,20,30,40,80,55,NA
166,"ledian","bug","flying",55,35,50,55,110,85,NA
167,"spinarak","bug","poison",40,60,40,40,40,30,NA
168,"ariados","bug","poison",70,90,70,60,70,40,NA
169,"crobat","poison","flying",85,90,80,70,80,130,NA
170,"chinchou","water","electric",75,38,38,56,56,67,NA
171,"lanturn","water","electric",125,58,58,76,76,67,NA
172,"pichu","electric",NA,20,40,15,35,35,60,NA
173,"cleffa","fairy",NA,50,25,28,45,55,15,NA
174,"igglybuff","normal","fairy",90,30,15,40,20,15,NA
175,"togepi","fairy",NA,35,20,65,40,65,20,NA
176,"togetic","fairy","flying",55,40,85,80,105,40,NA
177,"natu","psychic","flying",40,50,45,70,45,70,NA
178,"xatu","psychic","flying",65,75,70,95,70,95,NA
179,"mareep","electric",NA,55,40,40,65,45,35,NA
180,"flaaffy","electric",NA,70,55,55,80,60,45,NA
181,"ampharos","electric",NA,90,75,85,115,90,55,NA
182,"bellossom","grass",NA,75,80,95,90,100,50,NA
183,"marill","water","fairy",70,20,50,20,50,40,NA
184,"azumarill","water","fairy",100,50,80,60,80,50,NA
185,"sudowoodo","rock",NA,70,100,115,30,65,30,NA
186,"politoed","water",NA,90,75,75,90,100,70,NA
187,"hoppip","grass","flying",35,35,40,35,55,50,NA
188,"skiploom","grass","flying",55,45,50,45,65,80,NA
189,"jumpluff","grass","flying",75,55,70,55,95,110,NA
190,"aipom","normal",NA,55,70,55,40,55,85,NA
191,"sunkern","grass",NA,30,30,30,30,30,30,NA
192,"sunflora","grass",NA,75,75,55,105,85,30,NA
193,"yanma","bug","flying",65,65,45,75,45,95,NA
194,"wooper","water","ground",55,45,45,25,25,15,NA
195,"quagsire","water","ground",95,85,85,65,65,35,NA
196,"espeon","psychic",NA,65,65,60,130,95,110,NA
197,"umbreon","dark",NA,95,65,110,60,130,65,NA
198,"murkrow","dark","flying",60,85,42,85,42,91,NA
199,"slowking","water","psychic",95,75,80,100,110,30,NA
200,"misdreavus","ghost",NA,60,60,60,85,85,85,NA
201,"unown","psychic",NA,48,72,48,72,48,48,NA
202,"wobbuffet","psychic",NA,190,33,58,33,58,33,NA
203,"girafarig","normal","psychic",70,80,65,90,65,85,NA
204,"pineco","bug",NA,50,65,90,35,35,15,NA
205,"forretress","bug","steel",75,90,140,60,60,40,NA
206,"dunsparce","normal",NA,100,70,70,65,65,45,NA
207,"gligar","ground","flying",65,75,105,35,65,85,NA
208,"steelix","steel","ground",75,85,200,55,65,30,NA
209,"snubbull","fairy",NA,60,80,50,40,40,30,NA
210,"granbull","fairy",NA,90,120,75,60,60,45,NA
211,"qwilfish","water","poison",65,95,85,55,55,85,NA
212,"scizor","bug","steel",70,130,100,55,80,65,NA
213,"shuckle","bug","rock",20,10,230,10,230,5,NA
214,"heracross","bug","fighting",80,125,75,40,95,85,NA
215,"sneasel","dark","ice",55,95,55,35,75,115,NA
216,"teddiursa","normal",NA,60,80,50,50,50,40,NA
217,"ursaring","normal",NA,90,130,75,75,75,55,NA
218,"slugma","fire",NA,40,40,40,70,40,20,NA
219,"magcargo","fire","rock",60,50,120,90,80,30,NA
220,"swinub","ice","ground",50,50,40,30,30,50,NA
221,"piloswine","ice","ground",100,100,80,60,60,50,NA
222,"corsola","water","rock",65,55,95,65,95,35,NA
223,"remoraid","water",NA,35,65,35,65,35,65,NA
224,"octillery","water",NA,75,105,75,105,75,45,NA
225,"delibird","ice","flying",45,55,45,65,45,75,NA
226,"mantine","water","flying",85,40,70,80,140,70,NA
227,"skarmory","steel","flying",65,80,140,40,70,70,NA
228,"houndour","dark","fire",45,60,30,80,50,65,NA
229,"houndoom","dark","fire",75,90,50,110,80,95,NA
230,"kingdra","water","dragon",75,95,95,95,95,85,NA
231,"phanpy","ground",NA,90,60,60,40,40,40,NA
232,"donphan","ground",NA,90,120,120,60,60,50,NA
233,"porygon2","normal",NA,85,80,90,105,95,60,NA
234,"stantler","normal",NA,73,95,62,85,65,85,NA
235,"smeargle","normal",NA,55,20,35,20,45,75,NA
236,"tyrogue","fighting",NA,35,35,35,35,35,35,NA
237,"hitmontop","fighting",NA,50,95,95,35,110,70,NA
238,"smoochum","ice","psychic",45,30,15,85,65,65,NA
239,"elekid","electric",NA,45,63,37,65,55,95,NA
240,"magby","fire",NA,45,75,37,70,55,83,NA
241,"miltank","normal",NA,95,80,105,40,70,100,NA
242,"blissey","normal",NA,255,10,10,75,135,55,NA
243,"raikou","electric",NA,90,85,75,115,100,115,NA
244,"entei","fire",NA,115,115,85,90,75,100,NA
245,"suicune","water",NA,100,75,115,90,115,85,NA
246,"larvitar","rock","ground",50,64,50,45,50,41,NA
247,"pupitar","rock","ground",70,84,70,65,70,51,NA
248,"tyranitar","rock","dark",100,134,110,95,100,61,NA
249,"lugia","psychic","flying",106,90,130,90,154,110,NA
250,"ho-oh","fire","flying",106,130,90,110,154,90,NA
251,"celebi","psychic","grass",100,100,100,100,100,100,NA
252,"treecko","grass",NA,40,45,35,65,55,70,NA
253,"grovyle","grass",NA,50,65,45,85,65,95,NA
254,"sceptile","grass",NA,70,85,65,105,85,120,NA
255,"torchic","fire",NA,45,60,40,70,50,45,NA
256,"combusken","fire","fighting",60,85,60,85,60,55,NA
257,"blaziken","fire","fighting",80,120,70,110,70,80,NA
258,"mudkip","water",NA,50,70,50,50,50,40,NA
259,"marshtomp","water","ground",70,85,70,60,70,50,NA
260,"swampert","water","ground",100,110,90,85,90,60,NA
261,"poochyena","dark",NA,35,55,35,30,30,35,NA
262,"mightyena","dark",NA,70,90,70,60,60,70,NA
263,"zigzagoon","normal",NA,38,30,41,30,41,60,NA
264,"linoone","normal",NA,78,70,61,50,61,100,NA
265,"wurmple","bug",NA,45,45,35,20,30,20,NA
266,"silcoon","bug",NA,50,35,55,25,25,15,NA
267,"beautifly","bug","flying",60,70,50,100,50,65,NA
268,"cascoon","bug",NA,50,35,55,25,25,15,NA
269,"dustox","bug","poison",60,50,70,50,90,65,NA
270,"lotad","water","grass",40,30,30,40,50,30,NA
271,"lombre","water","grass",60,50,50,60,70,50,NA
272,"ludicolo","water","grass",80,70,70,90,100,70,NA
273,"seedot","grass",NA,40,40,50,30,30,30,NA
274,"nuzleaf","grass","dark",70,70,40,60,40,60,NA
275,"shiftry","grass","dark",90,100,60,90,60,80,NA
276,"taillow","normal","flying",40,55,30,30,30,85,NA
277,"swellow","normal","flying",60,85,60,75,50,125,NA
278,"wingull","water","flying",40,30,30,55,30,85,NA
279,"pelipper","water","flying",60,50,100,95,70,65,NA
280,"ralts","psychic","fairy",28,25,25,45,35,40,NA
281,"kirlia","psychic","fairy",38,35,35,65,55,50,NA
282,"gardevoir","psychic","fairy",68,65,65,125,115,80,NA
283,"surskit","bug","water",40,30,32,50,52,65,NA
284,"masquerain","bug","flying",70,60,62,100,82,80,NA
285,"shroomish","grass",NA,60,40,60,40,60,35,NA
286,"breloom","grass","fighting",60,130,80,60,60,70,NA
287,"slakoth","normal",NA,60,60,60,35,35,30,NA
288,"vigoroth","normal",NA,80,80,80,55,55,90,NA
289,"slaking","normal",NA,150,160,100,95,65,100,NA
290,"nincada","bug","ground",31,45,90,30,30,40,NA
291,"ninjask","bug","flying",61,90,45,50,50,160,NA
292,"shedinja","bug","ghost",1,90,45,30,30,40,NA
293,"whismur","normal",NA,64,51,23,51,23,28,NA
294,"loudred","normal",NA,84,71,43,71,43,48,NA
295,"exploud","normal",NA,104,91,63,91,73,68,NA
296,"makuhita","fighting",NA,72,60,30,20,30,25,NA
297,"hariyama","fighting",NA,144,120,60,40,60,50,NA
298,"azurill","normal","fairy",50,20,40,20,40,20,NA
299,"nosepass","rock",NA,30,45,135,45,90,30,NA
300,"skitty","normal",NA,50,45,45,35,35,50,NA
301,"delcatty","normal",NA,70,65,65,55,55,90,NA
302,"sableye","dark","ghost",50,75,75,65,65,50,NA
303,"mawile","steel","fairy",50,85,85,55,55,50,NA
304,"aron","steel","rock",50,70,100,40,40,30,NA
305,"lairon","steel","rock",60,90,140,50,50,40,NA
306,"aggron","steel","rock",70,110,180,60,60,50,NA
307,"meditite","fighting","psychic",30,40,55,40,55,60,NA
308,"medicham","fighting","psychic",60,60,75,60,75,80,NA
309,"electrike","electric",NA,40,45,40,65,40,65,NA
310,"manectric","electric",NA,70,75,60,105,60,105,NA
311,"plusle","electric",NA,60,50,40,85,75,95,NA
312,"minun","electric",NA,60,40,50,75,85,95,NA
313,"volbeat","bug",NA,65,73,75,47,85,85,NA
314,"illumise","bug",NA,65,47,75,73,85,85,NA
315,"roselia","grass","poison",50,60,45,100,80,65,NA
316,"gulpin","poison",NA,70,43,53,43,53,40,NA
317,"swalot","poison",NA,100,73,83,73,83,55,NA
318,"carvanha","water","dark",45,90,20,65,20,65,NA
319,"sharpedo","water","dark",70,120,40,95,40,95,NA
320,"wailmer","water",NA,130,70,35,70,35,60,NA
321,"wailord","water",NA,170,90,45,90,45,60,NA
322,"numel","fire","ground",60,60,40,65,45,35,NA
323,"camerupt","fire","ground",70,100,70,105,75,40,NA
324,"torkoal","fire",NA,70,85,140,85,70,20,NA
325,"spoink","psychic",NA,60,25,35,70,80,60,NA
326,"grumpig","psychic",NA,80,45,65,90,110,80,NA
327,"spinda","normal",NA,60,60,60,60,60,60,NA
328,"trapinch","ground",NA,45,100,45,45,45,10,NA
329,"vibrava","ground","dragon",50,70,50,50,50,70,NA
330,"flygon","ground","dragon",80,100,80,80,80,100,NA
331,"cacnea","grass",NA,50,85,40,85,40,35,NA
332,"cacturne","grass","dark",70,115,60,115,60,55,NA
333,"swablu","normal","flying",45,40,60,40,75,50,NA
334,"altaria","dragon","flying",75,70,90,70,105,80,NA
335,"zangoose","normal",NA,73,115,60,60,60,90,NA
336,"seviper","poison",NA,73,100,60,100,60,65,NA
337,"lunatone","rock","psychic",90,55,65,95,85,70,NA
338,"solrock","rock","psychic",90,95,85,55,65,70,NA
339,"barboach","water","ground",50,48,43,46,41,60,NA
340,"whiscash","water","ground",110,78,73,76,71,60,NA
341,"corphish","water",NA,43,80,65,50,35,35,NA
342,"crawdaunt","water","dark",63,120,85,90,55,55,NA
343,"baltoy","ground","psychic",40,40,55,40,70,55,NA
344,"claydol","ground","psychic",60,70,105,70,120,75,NA
345,"lileep","rock","grass",66,41,77,61,87,23,NA
346,"cradily","rock","grass",86,81,97,81,107,43,NA
347,"anorith","rock","bug",45,95,50,40,50,75,NA
348,"armaldo","rock","bug",75,125,100,70,80,45,NA
349,"feebas","water",NA,20,15,20,10,55,80,NA
350,"milotic","water",NA,95,60,79,100,125,81,NA
351,"castform","normal",NA,70,70,70,70,70,70,NA
352,"kecleon","normal",NA,60,90,70,60,120,40,NA
353,"shuppet","ghost",NA,44,75,35,63,33,45,NA
354,"banette","ghost",NA,64,115,65,83,63,65,NA
355,"duskull","ghost",NA,20,40,90,30,90,25,NA
356,"dusclops","ghost",NA,40,70,130,60,130,25,NA
357,"tropius","grass","flying",99,68,83,72,87,51,NA
358,"chimecho","psychic",NA,75,50,80,95,90,65,NA
359,"absol","dark",NA,65,130,60,75,60,75,NA
360,"wynaut","psychic",NA,95,23,48,23,48,23,NA
361,"snorunt","ice",NA,50,50,50,50,50,50,NA
362,"glalie","ice",NA,80,80,80,80,80,80,NA
363,"spheal","ice","water",70,40,50,55,50,25,NA
364,"sealeo","ice","water",90,60,70,75,70,45,NA
365,"walrein","ice","water",110,80,90,95,90,65,NA
366,"clamperl","water",NA,35,64,85,74,55,32,NA
367,"huntail","water",NA,55,104,105,94,75,52,NA
368,"gorebyss","water",NA,55,84,105,114,75,52,NA
369,"relicanth","water","rock",100,90,130,45,65,55,NA
370,"luvdisc","water",NA,43,30,55,40,65,97,NA
371,"bagon","dragon",NA,45,75,60,40,30,50,NA
372,"shelgon","dragon",NA,65,95,100,60,50,50,NA
373,"salamence","dragon","flying",95,135,80,110,80,100,NA
374,"beldum","steel","psychic",40,55,80,35,60,30,NA
375,"metang","steel","psychic",60,75,100,55,80,50,NA
376,"metagross","steel","psychic",80,135,130,95,90,70,NA
377,"regirock","rock",NA,80,100,200,50,100,50,NA
378,"regice","ice",NA,80,50,100,100,200,50,NA
379,"registeel","steel",NA,80,75,150,75,150,50,NA
380,"latias","dragon","psychic",80,80,90,110,130,110,NA
381,"latios","dragon","psychic",80,90,80,130,110,110,NA
382,"kyogre","water",NA,100,100,90,150,140,90,NA
383,"groudon","ground",NA,100,150,140,100,90,90,NA
384,"rayquaza","dragon","flying",105,150,90,150,90,95,NA
385,"jirachi","steel","psychic",100,100,100,100,100,100,NA
386,"deoxys","psychic",NA,50,150,50,150,50,150,NA
387,"turtwig","grass",NA,55,68,64,45,55,31,NA
388,"grotle","grass",NA,75,89,85,55,65,36,NA
389,"torterra","grass","ground",95,109,105,75,85,56,NA
390,"chimchar","fire",NA,44,58,44,58,44,61,NA
391,"monferno","fire","fighting",64,78,52,78,52,81,NA
392,"infernape","fire","fighting",76,104,71,104,71,108,NA
393,"piplup","water",NA,53,51,53,61,56,40,NA
394,"prinplup","water",NA,64,66,68,81,76,50,NA
395,"empoleon","water","steel",84,86,88,111,101,60,NA
396,"starly","normal","flying",40,55,30,30,30,60,NA
397,"staravia","normal","flying",55,75,50,40,40,80,NA
398,"staraptor","normal","flying",85,120,70,50,60,100,NA
399,"bidoof","normal",NA,59,45,40,35,40,31,NA
400,"bibarel","normal","water",79,85,60,55,60,71,NA
401,"kricketot","bug",NA,37,25,41,25,41,25,NA
402,"kricketune","bug",NA,77,85,51,55,51,65,NA
403,"shinx","electric",NA,45,65,34,40,34,45,NA
404,"luxio","electric",NA,60,85,49,60,49,60,NA
405,"luxray","electric",NA,80,120,79,95,79,70,NA
406,"budew","grass","poison",40,30,35,50,70,55,NA
407,"roserade","grass","poison",60,70,65,125,105,90,NA
408,"cranidos","rock",NA,67,125,40,30,30,58,NA
409,"rampardos","rock",NA,97,165,60,65,50,58,NA
410,"shieldon","rock","steel",30,42,118,42,88,30,NA
411,"bastiodon","rock","steel",60,52,168,47,138,30,NA
412,"burmy","bug",NA,40,29,45,29,45,36,NA
413,"wormadam","bug","grass",60,59,85,79,105,36,NA
414,"mothim","bug","flying",70,94,50,94,50,66,NA
415,"combee","bug","flying",30,30,42,30,42,70,NA
416,"vespiquen","bug","flying",70,80,102,80,102,40,NA
417,"pachirisu","electric",NA,60,45,70,45,90,95,NA
418,"buizel","water",NA,55,65,35,60,30,85,NA
419,"floatzel","water",NA,85,105,55,85,50,115,NA
420,"cherubi","grass",NA,45,35,45,62,53,35,NA
421,"cherrim","grass",NA,70,60,70,87,78,85,NA
422,"shellos","water",NA,76,48,48,57,62,34,NA
423,"gastrodon","water","ground",111,83,68,92,82,39,NA
424,"ambipom","normal",NA,75,100,66,60,66,115,NA
425,"drifloon","ghost","flying",90,50,34,60,44,70,NA
426,"drifblim","ghost","flying",150,80,44,90,54,80,NA
427,"buneary","normal",NA,55,66,44,44,56,85,NA
428,"lopunny","normal",NA,65,76,84,54,96,105,NA
429,"mismagius","ghost",NA,60,60,60,105,105,105,NA
430,"honchkrow","dark","flying",100,125,52,105,52,71,NA
431,"glameow","normal",NA,49,55,42,42,37,85,NA
432,"purugly","normal",NA,71,82,64,64,59,112,NA
433,"chingling","psychic",NA,45,30,50,65,50,45,NA
434,"stunky","poison","dark",63,63,47,41,41,74,NA
435,"skuntank","poison","dark",103,93,67,71,61,84,NA
436,"bronzor","steel","psychic",57,24,86,24,86,23,NA
437,"bronzong","steel","psychic",67,89,116,79,116,33,NA
438,"bonsly","rock",NA,50,80,95,10,45,10,NA
439,"mime jr.","psychic","fairy",20,25,45,70,90,60,NA
440,"happiny","normal",NA,100,5,5,15,65,30,NA
441,"chatot","normal","flying",76,65,45,92,42,91,NA
442,"spiritomb","ghost","dark",50,92,108,92,108,35,NA
443,"gible","dragon","ground",58,70,45,40,45,42,NA
444,"gabite","dragon","ground",68,90,65,50,55,82,NA
445,"garchomp","dragon","ground",108,130,95,80,85,102,NA
446,"munchlax","normal",NA,135,85,40,40,85,5,NA
447,"riolu","fighting",NA,40,70,40,35,40,60,NA
448,"lucario","fighting","steel",70,110,70,115,70,90,NA
449,"hippopotas","ground",NA,68,72,78,38,42,32,NA
450,"hippowdon","ground",NA,108,112,118,68,72,47,NA
451,"skorupi","poison","bug",40,50,90,30,55,65,NA
452,"drapion","poison","dark",70,90,110,60,75,95,NA
453,"croagunk","poison","fighting",48,61,40,61,40,50,NA
454,"toxicroak","poison","fighting",83,106,65,86,65,85,NA
455,"carnivine","grass",NA,74,100,72,90,72,46,NA
456,"finneon","water",NA,49,49,56,49,61,66,NA
457,"lumineon","water",NA,69,69,76,69,86,91,NA
458,"mantyke","water","flying",45,20,50,60,120,50,NA
459,"snover","grass","ice",60,62,50,62,60,40,NA
460,"abomasnow","grass","ice",90,92,75,92,85,60,NA
461,"weavile","dark","ice",70,120,65,45,85,125,NA
462,"magnezone","electric","steel",70,70,115,130,90,60,NA
463,"lickilicky","normal",NA,110,85,95,80,95,50,NA
464,"rhyperior","ground","rock",115,140,130,55,55,40,NA
465,"tangrowth","grass",NA,100,100,125,110,50,50,NA
466,"electivire","electric",NA,75,123,67,95,85,95,NA
467,"magmortar","fire",NA,75,95,67,125,95,83,NA
468,"togekiss","fairy","flying",85,50,95,120,115,80,NA
469,"yanmega","bug","flying",86,76,86,116,56,95,NA
470,"leafeon","grass",NA,65,110,130,60,65,95,NA
471,"glaceon","ice",NA,65,60,110,130,95,65,NA
472,"gliscor","ground","flying",75,95,125,45,75,95,NA
473,"mamoswine","ice","ground",110,130,80,70,60,80,NA
474,"porygon-z","normal",NA,85,80,70,135,75,90,NA
475,"gallade","psychic","fighting",68,125,65,65,115,80,NA
476,"probopass","rock","steel",60,55,145,75,150,40,NA
477,"dusknoir","ghost",NA,45,100,135,65,135,45,NA
478,"froslass","ice","ghost",70,80,70,80,70,110,NA
479,"rotom","electric","ghost",50,50,77,95,77,91,NA
480,"uxie","psychic",NA,75,75,130,75,130,95,NA
481,"mesprit","psychic",NA,80,105,105,105,105,80,NA
482,"azelf","psychic",NA,75,125,70,125,70,115,NA
483,"dialga","steel","dragon",100,120,120,150,100,90,NA
484,"palkia","water","dragon",90,120,100,150,120,100,NA
485,"heatran","fire","steel",91,90,106,130,106,77,NA
486,"regigigas","normal",NA,110,160,110,80,110,100,NA
487,"giratina","ghost","dragon",150,100,120,100,120,90,NA
488,"cresselia","psychic",NA,120,70,110,75,120,85,NA
489,"phione","water",NA,80,80,80,80,80,80,NA
490,"manaphy","water",NA,100,100,100,100,100,100,NA
491,"darkrai","dark",NA,70,90,90,135,90,125,NA
492,"shaymin","grass",NA,100,100,100,100,100,100,NA
493,"arceus","normal",NA,120,120,120,120,120,120,NA
494,"victini","psychic","fire",100,100,100,100,100,100,NA
495,"snivy","grass",NA,45,45,55,45,55,63,NA
496,"servine","grass",NA,60,60,75,60,75,83,NA
497,"serperior","grass",NA,75,75,95,75,95,113,NA
498,"tepig","fire",NA,65,63,45,45,45,45,NA
499,"pignite","fire","fighting",90,93,55,70,55,55,NA
500,"emboar","fire","fighting",110,123,65,100,65,65,NA
501,"oshawott","water",NA,55,55,45,63,45,45,NA
502,"dewott","water",NA,75,75,60,83,60,60,NA
503,"samurott","water",NA,95,100,85,108,70,70,NA
504,"patrat","normal",NA,45,55,39,35,39,42,NA
505,"watchog","normal",NA,60,85,69,60,69,77,NA
506,"lillipup","normal",NA,45,60,45,25,45,55,NA
507,"herdier","normal",NA,65,80,65,35,65,60,NA
508,"stoutland","normal",NA,85,110,90,45,90,80,NA
509,"purrloin","dark",NA,41,50,37,50,37,66,NA
510,"liepard","dark",NA,64,88,50,88,50,106,NA
511,"pansage","grass",NA,50,53,48,53,48,64,NA
512,"simisage","grass",NA,75,98,63,98,63,101,NA
513,"pansear","fire",NA,50,53,48,53,48,64,NA
514,"simisear","fire",NA,75,98,63,98,63,101,NA
515,"panpour","water",NA,50,53,48,53,48,64,NA
516,"simipour","water",NA,75,98,63,98,63,101,NA
517,"munna","psychic",NA,76,25,45,67,55,24,NA
518,"musharna","psychic",NA,116,55,85,107,95,29,NA
519,"pidove","normal","flying",50,55,50,36,30,43,NA
520,"tranquill","normal","flying",62,77,62,50,42,65,NA
521,"unfezant","normal","flying",80,115,80,65,55,93,NA
522,"blitzle","electric",NA,45,60,32,50,32,76,NA
523,"zebstrika","electric",NA,75,100,63,80,63,116,NA
524,"roggenrola","rock",NA,55,75,85,25,25,15,NA
525,"boldore","rock",NA,70,105,105,50,40,20,NA
526,"gigalith","rock",NA,85,135,130,60,80,25,NA
527,"woobat","psychic","flying",65,45,43,55,43,72,NA
528,"swoobat","psychic","flying",67,57,55,77,55,114,NA
529,"drilbur","ground",NA,60,85,40,30,45,68,NA
530,"excadrill","ground","steel",110,135,60,50,65,88,NA
531,"audino","normal",NA,103,60,86,60,86,50,NA
532,"timburr","fighting",NA,75,80,55,25,35,35,NA
533,"gurdurr","fighting",NA,85,105,85,40,50,40,NA
534,"conkeldurr","fighting",NA,105,140,95,55,65,45,NA
535,"tympole","water",NA,50,50,40,50,40,64,NA
536,"palpitoad","water","ground",75,65,55,65,55,69,NA
537,"seismitoad","water","ground",105,95,75,85,75,74,NA
538,"throh","fighting",NA,120,100,85,30,85,45,NA
539,"sawk","fighting",NA,75,125,75,30,75,85,NA
540,"sewaddle","bug","grass",45,53,70,40,60,42,NA
541,"swadloon","bug","grass",55,63,90,50,80,42,NA
542,"leavanny","bug","grass",75,103,80,70,80,92,NA
543,"venipede","bug","poison",30,45,59,30,39,57,NA
544,"whirlipede","bug","poison",40,55,99,40,79,47,NA
545,"scolipede","bug","poison",60,100,89,55,69,112,NA
546,"cottonee","grass","fairy",40,27,60,37,50,66,NA
547,"whimsicott","grass","fairy",60,67,85,77,75,116,NA
548,"petilil","grass",NA,45,35,50,70,50,30,NA
549,"lilligant","grass",NA,70,60,75,110,75,90,NA
549,"hisuian lilligant","grass","fighting",70,105,75,50,75,105,"hisuian"
550,"basculin","water",NA,70,92,65,80,55,98,NA
551,"sandile","ground","dark",50,72,35,35,35,65,NA
552,"krokorok","ground","dark",60,82,45,45,45,74,NA
553,"krookodile","ground","dark",95,117,80,65,70,92,NA
554,"darumaka","fire",NA,70,90,45,15,45,50,NA
555,"darmanitan","fire",NA,105,140,55,30,55,95,NA
556,"maractus","grass",NA,75,86,67,106,67,60,NA
557,"dwebble","bug","rock",50,65,85,35,35,55,NA
558,"crustle","bug","rock",70,105,125,65,75,45,NA
559,"scraggy","dark","fighting",50,75,70,35,70,48,NA
560,"scrafty","dark","fighting",65,90,115,45,115,58,NA
561,"sigilyph","psychic","flying",72,58,80,103,80,97,NA
562,"yamask","ghost",NA,38,30,85,55,65,30,NA
563,"cofagrigus","ghost",NA,58,50,145,95,105,30,NA
564,"tirtouga","water","rock",54,78,103,53,45,22,NA
565,"carracosta","water","rock",74,108,133,83,65,32,NA
566,"archen","rock","flying",55,112,45,74,45,70,NA
567,"archeops","rock","flying",75,140,65,112,65,110,NA
568,"trubbish","poison",NA,50,50,62,40,62,65,NA
569,"garbodor","poison",NA,80,95,82,60,82,75,NA
570,"zorua","dark",NA,40,65,40,80,40,65,NA
571,"zoroark","dark",NA,60,105,60,120,60,105,NA
571,"hisuian zoroark","normal","ghost",55,100,60,125,60,110,"hisuian"
572,"minccino","normal",NA,55,50,40,40,40,75,NA
573,"cinccino","normal",NA,75,95,60,65,60,115,NA
574,"gothita","psychic",NA,45,30,50,55,65,45,NA
575,"gothorita","psychic",NA,60,45,70,75,85,55,NA
576,"gothitelle","psychic",NA,70,55,95,95,110,65,NA
577,"solosis","psychic",NA,45,30,40,105,50,20,NA
578,"duosion","psychic",NA,65,40,50,125,60,30,NA
579,"reuniclus","psychic",NA,110,65,75,125,85,30,NA
580,"ducklett","water","flying",62,44,50,44,50,55,NA
581,"swanna","water","flying",75,87,63,87,63,98,NA
582,"vanillite","ice",NA,36,50,50,65,60,44,NA
583,"vanillish","ice",NA,51,65,65,80,75,59,NA
584,"vanilluxe","ice",NA,71,95,85,110,95,79,NA
585,"deerling","normal","grass",60,60,50,40,50,75,NA
586,"sawsbuck","normal","grass",80,100,70,60,70,95,NA
587,"emolga","electric","flying",55,75,60,75,60,103,NA
588,"karrablast","bug",NA,50,75,45,40,45,60,NA
589,"escavalier","bug","steel",70,135,105,60,105,20,NA
590,"foongus","grass","poison",69,55,45,55,55,15,NA
591,"amoonguss","grass","poison",114,85,70,85,80,30,NA
592,"frillish","water","ghost",55,40,50,65,85,40,NA
593,"jellicent","water","ghost",100,60,70,85,105,60,NA
594,"alomomola","water",NA,165,75,80,40,45,65,NA
595,"joltik","bug","electric",50,47,50,57,50,65,NA
596,"galvantula","bug","electric",70,77,60,97,60,108,NA
597,"ferroseed","grass","steel",44,50,91,24,86,10,NA
598,"ferrothorn","grass","steel",74,94,131,54,116,20,NA
599,"klink","steel",NA,40,55,70,45,60,30,NA
600,"klang","steel",NA,60,80,95,70,85,50,NA
601,"klinklang","steel",NA,60,100,115,70,85,90,NA
602,"tynamo","electric",NA,35,55,40,45,40,60,NA
603,"eelektrik","electric",NA,65,85,70,75,70,40,NA
604,"eelektross","electric",NA,85,115,80,105,80,50,NA
605,"elgyem","psychic",NA,55,55,55,85,55,30,NA
606,"beheeyem","psychic",NA,75,75,75,125,95,40,NA
607,"litwick","ghost","fire",50,30,55,65,55,20,NA
608,"lampent","ghost","fire",60,40,60,95,60,55,NA
609,"chandelure","ghost","fire",60,55,90,145,90,80,NA
610,"axew","dragon",NA,46,87,60,30,40,57,NA
611,"fraxure","dragon",NA,66,117,70,40,50,67,NA
612,"haxorus","dragon",NA,76,147,90,60,70,97,NA
613,"cubchoo","ice",NA,55,70,40,60,40,40,NA
614,"beartic","ice",NA,95,130,80,70,80,50,NA
615,"cryogonal","ice",NA,80,50,50,95,135,105,NA
616,"shelmet","bug",NA,50,40,85,40,65,25,NA
617,"accelgor","bug",NA,80,70,40,100,60,145,NA
618,"stunfisk","ground","electric",109,66,84,81,99,32,NA
619,"mienfoo","fighting",NA,45,85,50,55,50,65,NA
620,"mienshao","fighting",NA,65,125,60,95,60,105,NA
621,"druddigon","dragon",NA,77,120,90,60,90,48,NA
622,"golett","ground","ghost",59,74,50,35,50,35,NA
623,"golurk","ground","ghost",89,124,80,55,80,55,NA
624,"pawniard","dark","steel",45,85,70,40,40,60,NA
625,"bisharp","dark","steel",65,125,100,60,70,70,NA
626,"bouffalant","normal",NA,95,110,95,40,95,55,NA
627,"rufflet","normal","flying",70,83,50,37,50,60,NA
628,"braviary","normal","flying",100,123,75,57,75,80,NA
629,"vullaby","dark","flying",70,55,75,45,65,60,NA
630,"mandibuzz","dark","flying",110,65,105,55,95,80,NA
631,"heatmor","fire",NA,85,97,66,105,66,65,NA
632,"durant","bug","steel",58,109,112,48,48,109,NA
633,"deino","dark","dragon",52,65,50,45,50,38,NA
634,"zweilous","dark","dragon",72,85,70,65,70,58,NA
635,"hydreigon","dark","dragon",92,105,90,125,90,98,NA
636,"larvesta","bug","fire",55,85,55,50,55,60,NA
637,"volcarona","bug","fire",85,60,65,135,105,100,NA
638,"cobalion","steel","fighting",91,90,129,90,72,108,NA
639,"terrakion","rock","fighting",91,129,90,72,90,108,NA
640,"virizion","grass","fighting",91,90,72,90,129,108,NA
641,"tornadus","flying",NA,79,115,70,125,80,111,NA
642,"thundurus","electric","flying",79,115,70,125,80,111,NA
643,"reshiram","dragon","fire",100,120,100,150,120,90,NA
644,"zekrom","dragon","electric",100,150,120,120,100,90,NA
645,"landorus","ground","flying",89,125,90,115,80,101,NA
646,"kyurem","dragon","ice",125,130,90,130,90,95,NA
647,"keldeo","water","fighting",91,72,90,129,90,108,NA
648,"meloetta","normal","psychic",100,77,77,128,128,90,NA
649,"genesect","bug","steel",71,120,95,120,95,99,NA
650,"chespin","grass",NA,56,61,65,48,45,38,NA
651,"quilladin","grass",NA,61,78,95,56,58,57,NA
652,"chesnaught","grass","fighting",88,107,122,74,75,64,NA
653,"fennekin","fire",NA,40,45,40,62,60,60,NA
654,"braixen","fire",NA,59,59,58,90,70,73,NA
655,"delphox","fire","psychic",75,69,72,114,100,104,NA
656,"froakie","water",NA,41,56,40,62,44,71,NA
657,"frogadier","water",NA,54,63,52,83,56,97,NA
658,"greninja","water","dark",72,95,67,103,71,122,NA
659,"bunnelby","normal",NA,38,36,38,32,36,57,NA
660,"diggersby","normal","ground",85,56,77,50,77,78,NA
661,"fletchling","normal","flying",45,50,43,40,38,62,NA
662,"fletchinder","fire","flying",62,73,55,56,52,84,NA
663,"talonflame","fire","flying",78,81,71,74,69,126,NA
664,"scatterbug","bug",NA,38,35,40,27,25,35,NA
665,"spewpa","bug",NA,45,22,60,27,30,29,NA
666,"vivillon","bug","flying",80,52,50,90,50,89,NA
667,"litleo","fire","normal",62,50,58,73,54,72,NA
668,"pyroar","fire","normal",86,68,72,109,66,106,NA
669,"flabébé","fairy",NA,44,38,39,61,79,42,NA
670,"floette","fairy",NA,54,45,47,75,98,52,NA
671,"florges","fairy",NA,78,65,68,112,154,75,NA
672,"skiddo","grass",NA,66,65,48,62,57,52,NA
673,"gogoat","grass",NA,123,100,62,97,81,68,NA
674,"pancham","fighting",NA,67,82,62,46,48,43,NA
675,"pangoro","fighting","dark",95,124,78,69,71,58,NA
676,"furfrou","normal",NA,75,80,60,65,90,102,NA
677,"espurr","psychic",NA,62,48,54,63,60,68,NA
678,"meowstic","psychic",NA,74,48,76,83,81,104,NA
679,"honedge","steel","ghost",45,80,100,35,37,28,NA
680,"doublade","steel","ghost",59,110,150,45,49,35,NA
681,"aegislash","steel","ghost",60,50,140,50,140,60,NA
682,"spritzee","fairy",NA,78,52,60,63,65,23,NA
683,"aromatisse","fairy",NA,101,72,72,99,89,29,NA
684,"swirlix","fairy",NA,62,48,66,59,57,49,NA
685,"slurpuff","fairy",NA,82,80,86,85,75,72,NA
686,"inkay","dark","psychic",53,54,53,37,46,45,NA
687,"malamar","dark","psychic",86,92,88,68,75,73,NA
688,"binacle","rock","water",42,52,67,39,56,50,NA
689,"barbaracle","rock","water",72,105,115,54,86,68,NA
690,"skrelp","poison","water",50,60,60,60,60,30,NA
691,"dragalge","poison","dragon",65,75,90,97,123,44,NA
692,"clauncher","water",NA,50,53,62,58,63,44,NA
693,"clawitzer","water",NA,71,73,88,120,89,59,NA
694,"helioptile","electric","normal",44,38,33,61,43,70,NA
695,"heliolisk","electric","normal",62,55,52,109,94,109,NA
696,"tyrunt","rock","dragon",58,89,77,45,45,48,NA
697,"tyrantrum","rock","dragon",82,121,119,69,59,71,NA
698,"amaura","rock","ice",77,59,50,67,63,46,NA
699,"aurorus","rock","ice",123,77,72,99,92,58,NA
700,"sylveon","fairy",NA,95,65,65,110,130,60,NA
701,"hawlucha","fighting","flying",78,92,75,74,63,118,NA
702,"dedenne","electric","fairy",67,58,57,81,67,101,NA
703,"carbink","rock","fairy",50,50,150,50,150,50,NA
704,"goomy","dragon",NA,45,50,35,55,75,40,NA
705,"sliggoo","dragon",NA,68,75,53,83,113,60,NA
706,"goodra","dragon",NA,90,100,70,110,150,80,NA
707,"klefki","steel","fairy",57,80,91,80,87,75,NA
708,"phantump","ghost","grass",43,70,48,50,60,38,NA
709,"trevenant","ghost","grass",85,110,76,65,82,56,NA
710,"pumpkaboo","ghost","grass",49,66,70,44,55,51,NA
711,"gourgeist","ghost","grass",65,90,122,58,75,84,NA
712,"bergmite","ice",NA,55,69,85,32,35,28,NA
713,"avalugg","ice",NA,95,117,184,44,46,28,NA
714,"noibat","flying","dragon",40,30,35,45,40,55,NA
715,"noivern","flying","dragon",85,70,80,97,80,123,NA
716,"xerneas","fairy",NA,126,131,95,131,98,99,NA
717,"yveltal","dark","flying",126,131,95,131,98,99,NA
718,"zygarde","dragon","ground",108,100,121,81,95,95,NA
719,"diancie","rock","fairy",50,100,150,100,150,50,NA
720,"hoopa","psychic","ghost",80,110,60,150,130,70,NA
721,"volcanion","fire","water",80,110,120,130,90,70,NA
722,"rowlet","grass","flying",68,55,55,50,50,42,NA
723,"dartrix","grass","flying",78,75,75,70,70,52,NA
724,"decidueye","grass","ghost",78,107,75,100,100,70,NA
725,"litten","fire",NA,45,65,40,60,40,70,NA
726,"torracat","fire",NA,65,85,50,80,50,90,NA
727,"incineroar","fire","dark",95,115,90,80,90,60,NA
728,"popplio","water",NA,50,54,54,66,56,40,NA
729,"brionne","water",NA,60,69,69,91,81,50,NA
730,"primarina","water","fairy",80,74,74,126,116,60,NA
731,"pikipek","normal","flying",35,75,30,30,30,65,NA
732,"trumbeak","normal","flying",55,85,50,40,50,75,NA
733,"toucannon","normal","flying",80,120,75,75,75,60,NA
734,"yungoos","normal",NA,48,70,30,30,30,45,NA
735,"gumshoos","normal",NA,88,110,60,55,60,45,NA
736,"grubbin","bug",NA,47,62,45,55,45,46,NA
737,"charjabug","bug","electric",57,82,95,55,75,36,NA
738,"vikavolt","bug","electric",77,70,90,145,75,43,NA
739,"crabrawler","fighting",NA,47,82,57,42,47,63,NA
740,"crabominable","fighting","ice",97,132,77,62,67,43,NA
741,"oricorio","fire","flying",75,70,70,98,70,93,NA
742,"cutiefly","bug","fairy",40,45,40,55,40,84,NA
743,"ribombee","bug","fairy",60,55,60,95,70,124,NA
744,"rockruff","rock",NA,45,65,40,30,40,60,NA
745,"lycanroc","rock",NA,75,115,65,55,65,112,NA
746,"wishiwashi","water",NA,45,20,20,25,25,40,NA
747,"mareanie","poison","water",50,53,62,43,52,45,NA
748,"toxapex","poison","water",50,63,152,53,142,35,NA
749,"mudbray","ground",NA,70,100,70,45,55,45,NA
750,"mudsdale","ground",NA,100,125,100,55,85,35,NA
751,"dewpider","water","bug",38,40,52,40,72,27,NA
752,"araquanid","water","bug",68,70,92,50,132,42,NA
753,"fomantis","grass",NA,40,55,35,50,35,35,NA
754,"lurantis","grass",NA,70,105,90,80,90,45,NA
755,"morelull","grass","fairy",40,35,55,65,75,15,NA
756,"shiinotic","grass","fairy",60,45,80,90,100,30,NA
757,"salandit","poison","fire",48,44,40,71,40,77,NA
758,"salazzle","poison","fire",68,64,60,111,60,117,NA
759,"stufful","normal","fighting",70,75,50,45,50,50,NA
760,"bewear","normal","fighting",120,125,80,55,60,60,NA
761,"bounsweet","grass",NA,42,30,38,30,38,32,NA
762,"steenee","grass",NA,52,40,48,40,48,62,NA
763,"tsareena","grass",NA,72,120,98,50,98,72,NA
764,"comfey","fairy",NA,51,52,90,82,110,100,NA
765,"oranguru","normal","psychic",90,60,80,90,110,60,NA
766,"passimian","fighting",NA,100,120,90,40,60,80,NA
767,"wimpod","bug","water",25,35,40,20,30,80,NA
768,"golisopod","bug","water",75,125,140,60,90,40,NA
769,"sandygast","ghost","ground",55,55,80,70,45,15,NA
770,"palossand","ghost","ground",85,75,110,100,75,35,NA
771,"pyukumuku","water",NA,55,60,130,30,130,5,NA
772,"type: null","normal",NA,95,95,95,95,95,59,NA
773,"silvally","normal",NA,95,95,95,95,95,95,NA
774,"minior","rock","flying",60,60,100,60,100,60,NA
775,"komala","normal",NA,65,115,65,75,95,65,NA
776,"turtonator","fire","dragon",60,78,135,91,85,36,NA
777,"togedemaru","electric","steel",65,98,63,40,73,96,NA
778,"mimikyu","ghost","fairy",55,90,80,50,105,96,NA
779,"bruxish","water","psychic",68,105,70,70,70,92,NA
780,"drampa","normal","dragon",78,60,85,135,91,36,NA
781,"dhelmise","ghost","grass",70,131,100,86,90,40,NA
782,"jangmo-o","dragon",NA,45,55,65,45,45,45,NA
783,"hakamo-o","dragon","fighting",55,75,90,65,70,65,NA
784,"kommo-o","dragon","fighting",75,110,125,100,105,85,NA
785,"tapu koko","electric","fairy",70,115,85,95,75,130,NA
786,"tapu lele","psychic","fairy",70,85,75,130,115,95,NA
787,"tapu bulu","grass","fairy",70,130,115,85,95,75,NA
788,"tapu fini","water","fairy",70,75,115,95,130,85,NA
789,"cosmog","psychic",NA,43,29,31,29,31,37,NA
790,"cosmoem","psychic",NA,43,29,131,29,131,37,NA
791,"solgaleo","psychic","steel",137,137,107,113,89,97,NA
792,"lunala","psychic","ghost",137,113,89,137,107,97,NA
793,"nihilego","rock","poison",109,53,47,127,131,103,NA
794,"buzzwole","bug","fighting",107,139,139,53,53,79,NA
795,"pheromosa","bug","fighting",71,137,37,137,37,151,NA
796,"xurkitree","electric",NA,83,89,71,173,71,83,NA
797,"celesteela","steel","flying",97,101,103,107,101,61,NA
798,"kartana","grass","steel",59,181,131,59,31,109,NA
799,"guzzlord","dark","dragon",223,101,53,97,53,43,NA
800,"necrozma","psychic",NA,97,107,101,127,89,79,NA
801,"magearna","steel","fairy",80,95,115,130,115,65,NA
802,"marshadow","fighting","ghost",90,125,80,90,90,125,NA
803,"poipole","poison",NA,67,73,67,73,67,73,NA
804,"naganadel","poison","dragon",73,73,73,127,73,121,NA
805,"stakataka","rock","steel",61,131,211,53,101,13,NA
806,"blacephalon","fire","ghost",53,127,53,151,79,107,NA
807,"zeraora","electric",NA,88,112,75,102,80,143,NA
808,"meltan","steel",NA,46,65,65,55,35,34,NA
809,"melmetal","steel",NA,135,143,143,80,65,34,NA
810,"grookey","grass",NA,50,65,50,40,40,65,NA
811,"thwackey","grass",NA,70,85,70,55,60,80,NA
812,"rillaboom","grass",NA,100,125,90,60,70,85,NA
813,"scorbunny","fire",NA,50,71,40,40,40,69,NA
814,"raboot","fire",NA,65,86,60,55,60,94,NA
815,"cinderace","fire",NA,80,116,75,65,75,119,NA
816,"sobble","water",NA,50,40,40,70,40,70,NA
817,"drizzile","water",NA,65,60,55,95,55,90,NA
818,"inteleon","water",NA,70,85,65,125,65,120,NA
819,"skwovet","normal",NA,70,55,55,35,35,25,NA
820,"greedent","normal",NA,120,95,95,55,75,20,NA
821,"rookidee","flying",NA,38,47,35,33,35,57,NA
822,"corvisquire","flying",NA,68,67,55,43,55,77,NA
823,"corviknight","flying","steel",98,87,105,53,85,67,NA
824,"blipbug","bug",NA,25,20,20,25,45,45,NA
825,"dottler","bug","psychic",50,35,80,50,90,30,NA
826,"orbeetle","bug","psychic",60,45,110,80,120,90,NA
827,"nickit","dark",NA,40,28,28,47,52,50,NA
828,"thievul","dark",NA,70,58,58,87,92,90,NA
829,"gossifleur","grass",NA,40,40,60,40,60,10,NA
830,"eldegoss","grass",NA,60,50,90,80,120,60,NA
831,"wooloo","normal",NA,42,40,55,40,45,48,NA
832,"dubwool","normal",NA,72,80,100,60,90,88,NA
833,"chewtle","water",NA,50,64,50,38,38,44,NA
834,"drednaw","water","rock",90,115,90,48,68,74,NA
835,"yamper","electric",NA,59,45,50,40,50,26,NA
836,"boltund","electric",NA,69,90,60,90,60,121,NA
837,"rolycoly","rock",NA,30,40,50,40,50,30,NA
838,"carkol","rock","fire",80,60,90,60,70,50,NA
839,"coalossal","rock","fire",110,80,120,80,90,30,NA
840,"applin","grass","dragon",40,40,80,40,40,20,NA
841,"flapple","grass","dragon",70,110,80,95,60,70,NA
842,"appletun","grass","dragon",110,85,80,100,80,30,NA
843,"silicobra","ground",NA,52,57,75,35,50,46,NA
844,"sandaconda","ground",NA,72,107,125,65,70,71,NA
845,"cramorant","flying","water",70,85,55,85,95,85,NA
846,"arrokuda","water",NA,41,63,40,40,30,66,NA
847,"barraskewda","water",NA,61,123,60,60,50,136,NA
848,"toxel","electric","poison",40,38,35,54,35,40,NA
849,"toxtricity","electric","poison",75,98,70,114,70,75,NA
850,"sizzlipede","fire","bug",50,65,45,50,50,45,NA
851,"centiskorch","fire","bug",100,115,65,90,90,65,NA
852,"clobbopus","fighting",NA,50,68,60,50,50,32,NA
853,"grapploct","fighting",NA,80,118,90,70,80,42,NA
854,"sinistea","ghost",NA,40,45,45,74,54,50,NA
855,"polteageist","ghost",NA,60,65,65,134,114,70,NA
856,"hatenna","psychic",NA,42,30,45,56,53,39,NA
857,"hattrem","psychic",NA,57,40,65,86,73,49,NA
858,"hatterene","psychic","fairy",57,90,95,136,103,29,NA
859,"impidimp","dark","fairy",45,45,30,55,40,50,NA
860,"morgrem","dark","fairy",65,60,45,75,55,70,NA
861,"grimmsnarl","dark","fairy",95,120,65,95,75,60,NA
862,"obstagoon","dark","normal",93,90,101,60,81,95,NA
863,"perrserker","steel",NA,70,110,100,50,60,50,NA
864,"cursola","ghost",NA,60,95,50,145,130,30,NA
865,"sirfetch'd","fighting",NA,62,135,95,68,82,65,NA
866,"mr. rime","ice","psychic",80,85,75,110,100,70,NA
867,"runerigus","ground","ghost",58,95,145,50,105,30,NA
868,"milcery","fairy",NA,45,40,40,50,61,34,NA
869,"alcremie","fairy",NA,65,60,75,110,121,64,NA
870,"falinks","fighting",NA,65,100,100,70,60,75,NA
871,"pincurchin","electric",NA,48,101,95,91,85,15,NA
872,"snom","ice","bug",30,25,35,45,30,20,NA
873,"frosmoth","ice","bug",70,65,60,125,90,65,NA
874,"stonjourner","rock",NA,100,125,135,20,20,70,NA
875,"eiscue","ice",NA,75,80,110,65,90,50,NA
876,"indeedee","psychic","normal",60,65,55,105,95,95,NA
876,"female indeedee","psychic","normal",70,55,65,95,105,85,"female"
877,"morpeko","electric","dark",58,95,58,70,58,97,NA
878,"cufant","steel",NA,72,80,49,40,49,40,NA
879,"copperajah","steel",NA,122,130,69,80,69,30,NA
880,"dracozolt","electric","dragon",90,100,90,80,70,75,NA
881,"arctozolt","electric","ice",90,100,90,90,80,55,NA
882,"dracovish","water","dragon",90,90,100,70,80,75,NA
883,"arctovish","water","ice",90,90,100,80,90,55,NA
884,"duraludon","steel","dragon",70,95,115,120,50,85,NA
885,"dreepy","dragon","ghost",28,60,30,40,30,82,NA
886,"drakloak","dragon","ghost",68,80,50,60,50,102,NA
887,"dragapult","dragon","ghost",88,120,75,100,75,142,NA
888,"zacian","fairy",NA,92,120,115,80,115,138,NA
889,"zamazenta","fighting",NA,92,120,115,80,115,138,NA
890,"eternatus","poison","dragon",140,85,95,145,95,130,NA
891,"kubfu","fighting",NA,60,90,60,53,50,72,NA
892,"urshifu","fighting","dark",100,130,100,63,60,97,NA
893,"zarude","dark","grass",105,120,105,70,95,105,NA
894,"regieleki","electric",NA,80,100,50,100,50,200,NA
895,"regidrago","dragon",NA,200,100,50,100,50,80,NA
896,"glastrier","ice",NA,100,145,130,65,110,30,NA
897,"spectrier","ghost",NA,100,65,60,145,80,130,NA
898,"calyrex","psychic","grass",100,80,80,80,80,80,NA
899,"wyrdeer","normal","psychic",103,105,72,105,75,65,NA
900,"kleavor","bug","rock",70,135,95,45,70,85,NA
901,"ursaluna","ground","normal",130,140,105,45,80,50,NA
901,"bloodmoon ursaluna","ground","normal",113,70,120,135,65,52,"bloodmoon"
902,"basculegion","water","ghost",120,112,65,80,75,78,NA
903,"sneasler","fighting","poison",80,130,60,40,80,120,NA
904,"overqwil","dark","poison",85,115,95,65,65,85,NA
905,"enamorus","fairy","flying",74,115,70,135,80,106,NA
906,"sprigatito","grass",NA,40,61,54,45,45,65,NA
907,"floragato","grass",NA,61,80,63,60,63,83,NA
908,"meowscarada","grass","dark",76,110,70,81,70,123,NA
909,"fuecoco","fire",NA,67,45,59,63,40,36,NA
910,"crocalor","fire",NA,81,55,78,90,58,49,NA
911,"skeledirge","fire","ghost",104,75,100,110,75,66,NA
912,"quaxly","water",NA,55,65,45,50,45,50,NA
913,"quaxwell","water",NA,70,85,65,65,60,65,NA
914,"quaquaval","water","fighting",85,120,80,85,75,85,NA
915,"lechonk","normal",NA,54,45,40,35,45,35,NA
916,"oinkologne","normal",NA,110,100,75,59,80,65,NA
917,"tarountula","bug",NA,35,41,45,29,40,20,NA
918,"spidops","bug",NA,60,79,92,52,86,35,NA
919,"nymble","bug",NA,33,46,40,21,25,45,NA
920,"lokix","bug","dark",71,102,78,52,55,92,NA
921,"pawmi","electric",NA,45,50,20,40,25,60,NA
922,"pawmo","electric","fighting",60,75,40,50,40,85,NA
923,"pawmot","electric","fighting",70,115,70,70,60,105,NA
924,"tandemaus","normal",NA,50,50,45,40,45,75,NA
925,"maushold","normal",NA,74,75,70,65,75,111,NA
926,"fidough","fairy",NA,37,55,70,30,55,65,NA
927,"dachsbun","fairy",NA,57,80,115,50,80,95,NA
928,"smoliv","grass","normal",41,35,45,58,51,30,NA
929,"dolliv","grass","normal",52,53,60,78,78,33,NA
930,"arboliva","grass","normal",78,69,90,125,109,39,NA
931,"squawkabilly","normal","flying",82,96,51,45,51,92,NA
932,"nacli","rock",NA,55,55,75,35,35,25,NA
933,"naclstack","rock",NA,60,60,100,35,65,35,NA
934,"garganacl","rock",NA,100,100,130,45,90,35,NA
935,"charcadet","fire",NA,40,50,40,50,40,35,NA
936,"armarouge","fire","psychic",85,60,100,125,80,75,NA
937,"ceruledge","fire","ghost",75,125,80,60,100,85,NA
938,"tadbulb","electric",NA,61,31,41,59,35,45,NA
939,"bellibolt","electric",NA,109,64,91,103,83,45,NA
940,"wattrel","electric","flying",40,40,35,55,40,70,NA
941,"kilowattrel","electric","flying",70,70,60,105,60,125,NA
942,"maschiff","dark",NA,60,78,60,40,51,51,NA
943,"mabosstiff","dark",NA,80,120,90,60,70,85,NA
944,"shroodle","poison","normal",40,65,35,40,35,75,NA
945,"grafaiai","poison","normal",63,95,65,80,72,110,NA
946,"bramblin","grass","ghost",40,65,30,45,35,60,NA
947,"brambleghast","grass","ghost",55,115,70,80,70,90,NA
948,"toedscool","ground","grass",40,40,35,50,100,70,NA
949,"toedscruel","ground","grass",80,70,65,80,120,100,NA
950,"klawf","rock",NA,70,100,115,35,55,75,NA
951,"capsakid","grass",NA,50,62,40,62,40,50,NA
952,"scovillain","grass","fire",65,108,65,108,65,75,NA
953,"rellor","bug",NA,41,50,60,31,58,30,NA
954,"rabsca","bug","psychic",75,50,85,115,100,45,NA
955,"flittle","psychic",NA,30,35,30,55,30,75,NA
956,"espathra","psychic",NA,95,60,60,101,60,105,NA
957,"tinkatink","fairy","steel",50,45,45,35,64,58,NA
958,"tinkatuff","fairy","steel",65,55,55,45,82,78,NA
959,"tinkaton","fairy","steel",85,75,77,70,105,94,NA
960,"wiglett","water",NA,10,55,25,35,25,95,NA
961,"wugtrio","water",NA,35,100,50,50,70,120,NA
962,"bombirdier","flying","dark",70,103,85,60,85,82,NA
963,"finizen","water",NA,70,45,40,45,40,75,NA
964,"palafin","water",NA,100,70,72,53,62,100,NA
965,"varoom","steel","poison",45,70,63,30,45,47,NA
966,"revavroom","steel","poison",80,119,90,54,67,90,NA
967,"cyclizar","dragon","normal",70,95,65,85,65,121,NA
968,"orthworm","steel",NA,70,85,145,60,55,65,NA
969,"glimmet","rock","poison",48,35,42,105,60,60,NA
970,"glimmora","rock","poison",83,55,90,130,81,86,NA
971,"greavard","ghost",NA,50,61,60,30,55,34,NA
972,"houndstone","ghost",NA,72,101,100,50,97,68,NA
973,"flamigo","flying","fighting",82,115,74,75,64,90,NA
974,"cetoddle","ice",NA,108,68,45,30,40,43,NA
975,"cetitan","ice",NA,170,113,65,45,55,73,NA
976,"veluza","water","psychic",90,102,73,78,65,70,NA
977,"dondozo","water",NA,150,100,115,65,65,35,NA
978,"tatsugiri","dragon","water",68,50,60,120,95,82,NA
979,"annihilape","fighting","ghost",110,115,80,50,90,90,NA
980,"clodsire","poison","ground",130,75,60,45,100,20,NA
981,"farigiraf","normal","psychic",120,90,70,110,70,60,NA
982,"dudunsparce","normal",NA,125,100,80,85,75,55,NA
983,"kingambit","dark","steel",100,135,120,60,85,50,NA
984,"great tusk","ground","fighting",115,131,131,53,53,87,NA
985,"scream tail","fairy","psychic",115,65,99,65,115,111,NA
986,"brute bonnet","grass","dark",111,127,99,79,99,55,NA
987,"flutter mane","ghost","fairy",55,55,55,135,135,135,NA
988,"slither wing","bug","fighting",85,135,79,85,105,81,NA
989,"sandy shocks","electric","ground",85,81,97,121,85,101,NA
990,"iron treads","ground","steel",90,112,120,72,70,106,NA
991,"iron bundle","ice","water",56,80,114,124,60,136,NA
992,"iron hands","fighting","electric",154,140,108,50,68,50,NA
993,"iron jugulis","dark","flying",94,80,86,122,80,108,NA
994,"iron moth","fire","poison",80,70,60,140,110,110,NA
995,"iron thorns","rock","electric",100,134,110,70,84,72,NA
996,"frigibax","dragon","ice",65,75,45,35,45,55,NA
997,"arctibax","dragon","ice",90,95,66,45,65,62,NA
998,"baxcalibur","dragon","ice",115,145,92,75,86,87,NA
999,"gimmighoul","ghost",NA,45,30,70,75,70,10,NA
1000,"gholdengo","steel","ghost",87,60,95,133,91,84,NA
1001,"wo-chien","dark","grass",85,85,100,95,135,70,NA
1002,"chien-pao","dark","ice",80,120,80,90,65,135,NA
1003,"ting-lu","dark","ground",155,110,125,55,80,45,NA
1004,"chi-yu","dark","fire",55,80,80,135,120,100,NA
1005,"roaring moon","dragon","dark",105,139,71,55,101,119,NA
1006,"iron valiant","fairy","fighting",74,130,90,120,60,116,NA
1007,"koraidon","fighting","dragon",100,135,115,85,100,135,NA
1008,"miraidon","electric","dragon",100,85,100,135,115,135,NA
1009,"walking wake","water","dragon",99,83,91,125,83,109,NA
1010,"iron leaves","grass","psychic",90,130,88,70,108,104,NA
1011,"dipplin","grass","dragon",80,80,110,95,80,40,NA
1012,"poltchageist","grass","ghost",40,45,45,74,54,50,NA
1013,"sinistcha","grass","ghost",71,60,106,121,80,70,NA
1014,"okidogi","poison","fighting",88,128,115,58,86,80,NA
1015,"munkidori","poison","psychic",88,75,66,130,90,106,NA
1016,"fezandipiti","poison","fairy",88,91,82,70,125,99,NA
1017,"ogerpon","grass",NA,80,120,84,60,96,110,NA
1018,"archaludon","steel","dragon",90,105,130,125,65,85,NA
1019,"hydrapple","grass","dragon",106,80,110,120,80,44,NA
1020,"gouging fire","fire","dragon",105,115,121,65,93,91,NA
1021,"raging bolt","electric","dragon",125,73,91,137,89,75,NA
1022,"iron boulder","rock","psychic",90,120,80,68,108,124,NA
1023,"iron crown","steel","psychic",90,72,100,122,108,98,NA
1024,"terapagos","normal",NA,90,65,85,65,85,60,NA
1025,"pecharunt","poison","ghost",88,88,160,88,88,88,NA
